{"achievement.openInventory":49,"stat.damageDealt":535,"stat.useItem.23":1,"stat.useItem.3":377,"achievement.exploreAllBiomes":{"value":0,"progress":["Forest","Desert","Mesa Plateau F","Deep Ocean","Ocean","MushroomIsland","Plains","Beach","Mesa","Swampland","MushroomIslandShore","River"]},"stat.useItem.324":3,"stat.useItem.112":49,"stat.mineBlock.31":206,"stat.useItem.126":1,"stat.useItem.49":84,"stat.useItem.5":10,"stat.useItem.323":15,"stat.useItem.156":3,"stat.fallOneCm":518,"stat.flyOneCm":1665155,"stat.drop":15,"stat.damageTaken":-2147472929,"stat.useItem.4":373,"stat.useItem.76":53,"stat.leaveGame":14,"stat.useItem.164":11,"stat.diveOneCm":95533,"stat.useItem.356":9,"stat.useItem.383":2,"stat.useItem.158":4,"stat.useItem.330":1,"stat.playOneMinute":409455,"stat.useItem.114":37,"stat.useItem.17":122,"stat.deaths":3,"stat.mineBlock.3":1,"stat.swimOneCm":8173,"stat.useItem.113":453,"stat.useItem.42":397,"stat.mobKills":2,"stat.walkOneCm":348321,"stat.useItem.35":353,"stat.useItem.7":16,"stat.useItem.148":1,"stat.jump":537,"stat.useItem.1":221,"stat.useItem.331":20,"stat.useItem.137":4,"stat.mineBlock.175":13,"stat.useItem.101":191}