{"stat.useItem.65":40,"stat.useItem.113":2,"stat.useItem.112":22,"stat.killEntity.EntityHorse":1,"stat.useItem.114":12,"stat.leaveGame":12,"stat.useItem.69":3,"stat.useItem.76":17,"stat.useItem.77":3,"stat.jump":1619,"stat.swimOneCm":16686,"stat.fallOneCm":2190,"stat.climbOneCm":7855,"stat.useItem.70":6,"achievement.exploreAllBiomes":{"value":0,"progress":["Beach","ForestHills","Mesa","River","Ocean","Forest","MushroomIslandShore","Plains","MushroomIsland","Swampland","Deep Ocean"]},"stat.useItem.42":251,"stat.useItem.331":59,"stat.useItem.330":8,"stat.useItem.41":2,"stat.damageTaken":973,"stat.useItem.46":9,"stat.useItem.48":14,"stat.useItem.49":3,"stat.flyOneCm":1381687,"stat.useItem.101":171,"stat.useItem.50":82,"stat.killEntity.Witch":2,"stat.killEntity.MushroomCow":7,"stat.damageDealt":8660,"stat.killEntity.Cow":2,"stat.mineBlock.46":8,"stat.useItem.276":95,"stat.useItem.155":56,"stat.useItem.397":6,"stat.walkOneCm":708137,"stat.useItem.156":30,"stat.playerKills":1,"stat.useItem.29":13,"stat.killEntity.Creeper":10,"stat.useItem.31":1,"stat.useItem.321":23,"stat.useItem.324":4,"stat.useItem.323":5,"stat.useItem.35":103,"stat.useItem.171":11,"stat.killEntity.Skeleton":6,"stat.useItem.89":7,"achievement.openInventory":136,"stat.useItem.259":89,"stat.killEntity.Chicken":2,"stat.killEntity.Spider":5,"stat.mobKills":52,"stat.useItem.98":238,"stat.useItem.383":1,"stat.deaths":13,"stat.useItem.12":15,"stat.useItem.7":2,"stat.drop":22,"stat.useItem.148":12,"stat.playOneMinute":286246,"stat.useItem.1":126,"stat.killEntity.Sheep":3,"stat.useItem.5":96,"stat.useItem.3":235,"stat.killEntity.Zombie":9,"stat.useItem.17":3,"stat.diveOneCm":18229,"stat.mineBlock.31":1}