{"stat.damageDealt":490,"achievement.exploreAllBiomes":{"value":0,"progress":["Forest","Deep Ocean","Ocean","MushroomIsland","Beach","Plains","Mesa","MushroomIslandShore","River","ForestHills"]},"stat.mineBlock.31":1,"achievement.openInventory":8,"stat.climbOneCm":4837,"stat.useItem.355":3,"stat.fallOneCm":7781,"stat.flyOneCm":281206,"stat.damageTaken":43490,"stat.entityKilledBy.Creeper":1,"stat.useItem.155":1,"stat.leaveGame":1,"stat.playOneMinute":41142,"stat.killEntity.Spider":1,"stat.diveOneCm":1106,"stat.entityKilledBy.Skeleton":4,"stat.jump":199,"stat.deaths":21,"stat.useItem.1":7,"stat.swimOneCm":1485,"stat.mobKills":5,"stat.killEntity.Skeleton":1,"stat.walkOneCm":198324,"stat.killEntity.Zombie":1,"stat.useItem.101":3}