{"stat.walkOneCm":95207,"stat.useItem.356":3,"stat.leaveGame":3,"stat.mineBlock.175":1,"stat.useItem.76":2,"stat.jump":303,"stat.swimOneCm":365,"stat.fallOneCm":2436,"stat.useItem.70":1,"achievement.exploreAllBiomes":{"value":0,"progress":["Beach","Mesa","Ocean","River","MushroomIslandShore","Plains","MushroomIsland","Swampland","Deep Ocean"]},"stat.useItem.331":8,"achievement.openInventory":25,"stat.damageTaken":7870,"stat.flyOneCm":196708,"stat.deaths":3,"stat.mineBlock.37":1,"stat.useItem.7":28,"stat.drop":18,"stat.playOneMinute":41542,"stat.useItem.3":5,"stat.mineBlock.31":24,"stat.diveOneCm":1684}