{"stat.useItem.173":524,"stat.useItem.3":151,"stat.mineBlock.37":1,"achievement.exploreAllBiomes":{"value":0,"progress":["Forest","Deep Ocean","Ocean","Mesa Plateau","Plains","Beach","Mesa","River","ForestHills"]},"stat.useItem.112":107,"stat.useItem.290":72,"stat.useItem.324":21,"stat.useItem.24":22,"stat.useItem.172":6,"stat.useItem.126":5,"stat.useItem.143":1,"stat.useItem.89":6,"achievement.openInventory":242,"stat.useItem.361":42,"stat.damageDealt":22205,"stat.mineBlock.31":10,"stat.useItem.50":44,"stat.useItem.259":89,"stat.useItem.49":43,"stat.useItem.5":80,"stat.useItem.323":27,"stat.useItem.293":138,"stat.fallOneCm":38166,"stat.flyOneCm":4550575,"stat.useItem.160":9,"stat.useItem.95":2,"stat.damageTaken":-2147410500,"stat.useItem.4":9,"stat.useItem.355":1,"stat.entityKilledBy.Creeper":1,"stat.useItem.69":6,"stat.entityKilledBy.Spider":3,"stat.climbOneCm":11602,"stat.useItem.45":44,"stat.drop":101,"stat.useItem.392":84,"stat.useItem.356":5,"stat.useItem.159":238,"stat.useItem.17":3,"stat.useItem.15":6,"stat.mineBlock.12":7,"stat.killEntity.Creeper":51,"stat.playOneMinute":810981,"stat.useItem.163":31,"stat.killEntity.Pig":1,"stat.useItem.108":10,"stat.useItem.155":193,"stat.useItem.70":32,"stat.useItem.76":6,"stat.leaveGame":25,"stat.diveOneCm":143143,"stat.useItem.391":71,"stat.useItem.330":9,"stat.killEntity.Villager":5,"stat.useItem.41":144,"stat.killEntity.Spider":5,"stat.useItem.295":61,"stat.useItem.85":3,"stat.useItem.383":9,"stat.useItem.114":12,"stat.entityKilledBy.Skeleton":7,"stat.useItem.22":18,"stat.swimOneCm":80042,"stat.useItem.162":19,"stat.killEntity.Skeleton":25,"stat.horseOneCm":12237,"stat.walkOneCm":1904976,"stat.playerKills":1,"stat.useItem.77":7,"stat.useItem.35":761,"stat.useItem.44":29,"stat.jump":2554,"stat.useItem.13":9,"stat.entityKilledBy.Zombie":2,"stat.useItem.137":28,"stat.useItem.12":148,"stat.deaths":105,"stat.useItem.113":44,"stat.mobKills":110,"stat.useItem.389":2,"stat.useItem.171":2,"stat.killEntity.Zombie":5,"stat.useItem.276":245,"stat.useItem.1":50,"stat.useItem.331":35,"stat.mineBlock.175":1}