{"stat.damageDealt":645,"achievement.exploreAllBiomes":{"value":0,"progress":["Forest","Ocean","Beach","Plains"]},"achievement.openInventory":15,"stat.fallOneCm":3776,"stat.useItem.156":2,"stat.flyOneCm":182358,"stat.useItem.283":5,"stat.drop":6,"stat.damageTaken":5740,"stat.useItem.155":9,"stat.playOneMinute":42141,"stat.leaveGame":3,"stat.killEntity.Spider":1,"stat.diveOneCm":7754,"stat.useItem.330":3,"stat.deaths":3,"stat.walkOneCm":120759,"stat.jump":215,"stat.swimOneCm":10040,"stat.mobKills":4,"stat.useItem.148":3}