{"stat.damageDealt":1045,"stat.useItem.3":1,"achievement.exploreAllBiomes":{"value":0,"progress":["Forest","Beach","Plains"]},"stat.mineBlock.31":5,"achievement.openInventory":3,"stat.fallOneCm":7260,"stat.flyOneCm":45095,"stat.drop":11,"stat.damageTaken":15215,"stat.leaveGame":1,"stat.playOneMinute":12249,"stat.killEntity.Spider":1,"stat.killEntity.Creeper":1,"stat.jump":193,"stat.mineBlock.3":1,"stat.deaths":8,"stat.useItem.268":25,"stat.swimOneCm":477,"stat.mobKills":6,"stat.entityKilledBy.Zombie":1,"stat.playerKills":1,"stat.walkOneCm":77234,"stat.killEntity.Zombie":4}