{"stat.useItem.173":650,"stat.useItem.3":243,"stat.useItem.65":16,"achievement.exploreAllBiomes":{"value":0,"progress":["Forest","Desert","Deep Ocean","Ocean","MushroomIsland","Beach","Plains","Mesa","River","MushroomIslandShore","Swampland","ForestHills"]},"stat.useItem.290":104,"stat.useItem.324":6,"stat.useItem.53":105,"stat.mineBlock.76":1,"stat.useItem.89":414,"achievement.openInventory":338,"stat.useItem.361":31,"stat.damageDealt":5295,"stat.mineBlock.31":11,"stat.useItem.50":2,"stat.useItem.49":639,"stat.useItem.323":27,"stat.useItem.5":1218,"stat.useItem.355":8,"stat.fallOneCm":15829,"stat.flyOneCm":4426567,"stat.useItem.283":3,"stat.mineBlock.89":1,"stat.climbOneCm":500,"stat.useItem.45":346,"stat.useItem.156":100,"stat.drop":51,"stat.damageTaken":35783,"stat.useItem.4":4,"stat.useItem.155":1645,"stat.useItem.70":15,"stat.useItem.76":25,"stat.leaveGame":22,"stat.diveOneCm":30834,"stat.useItem.330":8,"stat.useItem.154":20,"stat.useItem.54":1,"stat.useItem.159":2,"stat.useItem.41":141,"stat.useItem.295":43,"stat.useItem.17":3,"stat.useItem.362":42,"stat.useItem.85":115,"stat.useItem.116":2,"stat.killEntity.Creeper":5,"stat.useItem.383":1,"stat.playOneMinute":901660,"stat.useItem.107":3,"stat.useItem.108":37,"stat.entityKilledBy.Skeleton":1,"stat.useItem.22":6,"stat.deaths":30,"stat.mineBlock.3":16,"stat.swimOneCm":38772,"stat.useItem.113":1,"stat.mobKills":22,"stat.useItem.171":1,"stat.killEntity.Skeleton":9,"stat.walkOneCm":1176512,"stat.playerKills":2,"stat.killEntity.Zombie":2,"stat.useItem.35":3225,"stat.useItem.276":35,"stat.useItem.148":15,"stat.jump":2050,"stat.useItem.1":15,"stat.useItem.20":12,"stat.useItem.13":156,"stat.useItem.137":27,"stat.mineBlock.175":9,"stat.useItem.101":42}