{"stat.useItem.66":5,"stat.useItem.3":13,"stat.useItem.65":61,"stat.useItem.351":150,"achievement.exploreAllBiomes":{"value":0,"progress":["Desert","Mesa Plateau F","DesertHills","Plains","Mesa","Savanna","Savanna Plateau","River","ForestHills"]},"stat.useItem.24":81,"stat.useItem.48":7,"stat.useItem.72":3,"stat.useItem.89":91,"achievement.openInventory":328,"stat.damageDealt":3175473,"stat.useItem.23":7,"stat.useItem.96":4,"stat.mineBlock.32":1,"stat.mineBlock.31":2,"stat.useItem.49":3,"stat.useItem.323":8,"stat.useItem.5":12,"stat.fallOneCm":19730,"stat.flyOneCm":2530307,"stat.useItem.78":9,"stat.useItem.133":1,"stat.damageTaken":1204565,"stat.useItem.4":4,"stat.useItem.73":1,"stat.entityKilledBy.Spider":1,"stat.climbOneCm":22315,"stat.useItem.156":11,"stat.drop":222,"stat.useItem.18":15,"stat.mineBlock.38":13,"stat.useItem.155":18,"stat.useItem.70":7,"stat.leaveGame":73,"stat.diveOneCm":22827,"stat.useItem.6":3,"stat.useItem.2266":1,"stat.useItem.330":4,"stat.useItem.287":57,"stat.useItem.54":3,"stat.killEntity.Villager":14,"stat.useItem.106":8,"stat.killEntity.Spider":5,"stat.useItem.17":10,"stat.useItem.85":15,"stat.useItem.80":2,"stat.useItem.328":1,"stat.killEntity.Creeper":5,"stat.useItem.84":1,"stat.useItem.383":8,"stat.useItem.57":161,"stat.playOneMinute":527094,"stat.entityKilledBy.Skeleton":2,"stat.deaths":22,"stat.mineBlock.3":2,"stat.swimOneCm":7544,"stat.mobKills":638,"stat.useItem.42":128,"stat.useItem.389":1,"stat.killEntity.Skeleton":30,"stat.useItem.397":14,"stat.walkOneCm":1433840,"stat.useItem.145":1,"stat.killEntity.Zombie":377,"stat.useItem.35":4,"stat.useItem.170":4,"stat.useItem.44":355,"stat.useItem.342":3,"stat.useItem.148":4,"stat.jump":2173,"stat.useItem.20":7,"stat.useItem.331":5,"stat.entityKilledBy.Zombie":2,"stat.mineBlock.81":3,"stat.useItem.137":9,"stat.useItem.12":15}