{"stat.useItem.89":14,"achievement.openInventory":161,"stat.damageDealt":4325150,"stat.useItem.97":3,"stat.useItem.3":5,"stat.useItem.65":34,"achievement.exploreAllBiomes":{"value":0,"progress":["Desert","DesertHills","Plains","Mesa","Savanna","River","Savanna Plateau","ForestHills"]},"stat.mineBlock.31":3,"stat.useItem.24":41,"stat.useItem.259":61,"stat.useItem.5":1,"stat.useItem.323":4,"stat.fallOneCm":9719,"stat.flyOneCm":1441346,"stat.useItem.69":7,"stat.climbOneCm":22385,"stat.useItem.156":931,"stat.useItem.87":48,"stat.drop":57,"stat.damageTaken":13656,"stat.useItem.155":1265,"stat.killEntity.Enderman":2,"stat.leaveGame":34,"stat.killEntity.Creeper":11,"stat.diveOneCm":2626,"stat.playOneMinute":314403,"stat.killEntity.Spider":11,"stat.useItem.123":4,"stat.useItem.85":9,"stat.mineBlock.3":2,"stat.jump":1412,"stat.deaths":12,"stat.swimOneCm":3128,"stat.mobKills":181,"stat.killEntity.Skeleton":5,"stat.walkOneCm":693005,"stat.useItem.102":1,"stat.playerKills":1,"stat.killEntity.Zombie":9,"stat.useItem.35":61,"stat.useItem.44":212}