{"stat.useItem.3":22,"achievement.exploreAllBiomes":{"value":0,"progress":["Forest","Desert","DesertHills","Plains","Savanna","Savanna Plateau","River","ForestHills"]},"stat.useItem.324":2,"stat.useItem.24":30,"stat.useItem.126":15,"stat.useItem.48":101,"stat.useItem.89":34,"achievement.openInventory":144,"stat.damageDealt":7188663,"stat.useItem.23":25,"stat.useItem.50":10,"stat.useItem.259":180,"stat.useItem.49":55,"stat.useItem.323":41,"stat.useItem.5":37,"stat.fallOneCm":3633,"stat.flyOneCm":2314455,"stat.useItem.33":1,"stat.useItem.160":13,"stat.useItem.95":2,"stat.useItem.133":13,"stat.damageTaken":-2147447471,"stat.useItem.4":16,"stat.useItem.355":2,"stat.useItem.152":2,"stat.useItem.69":2,"stat.climbOneCm":16396,"stat.drop":138,"stat.useItem.155":53,"stat.useItem.70":25,"stat.useItem.76":5,"stat.useItem.29":1,"stat.leaveGame":19,"stat.diveOneCm":11059,"stat.useItem.356":24,"stat.useItem.330":4,"stat.useItem.54":3,"stat.killEntity.Villager":8,"stat.useItem.41":21,"stat.useItem.17":38,"stat.killEntity.Creeper":5,"stat.useItem.383":22,"stat.killEntity.PigZombie":4,"stat.useItem.57":80,"stat.playOneMinute":527877,"stat.useItem.163":19,"stat.deaths":41,"stat.swimOneCm":8300,"stat.useItem.162":8,"stat.mobKills":287,"stat.useItem.42":116,"stat.killEntity.Skeleton":63,"stat.useItem.397":14,"stat.useItem.98":8,"stat.walkOneCm":1266267,"stat.useItem.77":2,"stat.killEntity.Zombie":68,"stat.useItem.35":16,"stat.useItem.44":2,"stat.useItem.276":11,"stat.jump":1602,"stat.useItem.331":170,"stat.entityKilledBy.Zombie":1,"stat.useItem.137":41,"stat.useItem.12":14}