{"stat.useItem.155":11,"stat.walkOneCm":186411,"stat.useItem.355":5,"stat.useItem.156":22,"stat.useItem.356":11,"stat.leaveGame":8,"stat.useItem.24":10,"stat.useItem.69":43,"stat.useItem.25":6,"stat.useItem.321":17,"stat.jump":191,"stat.swimOneCm":1850,"stat.useItem.323":3,"achievement.exploreAllBiomes":{"value":0,"progress":["DesertHills","River","Plains","Desert"]},"stat.useItem.35":13,"stat.useItem.86":2,"stat.useItem.331":42,"stat.useItem.330":4,"stat.useItem.137":5,"stat.useItem.85":1,"achievement.openInventory":48,"stat.useItem.138":9,"stat.damageTaken":2147483647,"stat.mobKills":3,"stat.useItem.97":5,"stat.useItem.98":756,"stat.flyOneCm":100414,"stat.useItem.12":1,"stat.deaths":1,"stat.drop":89,"stat.useItem.96":1,"stat.playOneMinute":68094,"stat.damageDealt":193,"stat.mineBlock.31":3}